{"_wandb":{"runtime":268},"Implementation Shortfall":0,"Inventory":19,"_timestamp":1.7531860956419728e+09,"_runtime":268.402834,"_step":11659}