{"Inventory":3,"_timestamp":1.7531873933999016e+09,"_runtime":18.2367389,"_step":230,"Implementation Shortfall":0.22499999999992326,"_wandb":{"runtime":18}}