{"_runtime":123.3818414,"_step":5000,"_wandb":{"runtime":123},"Implementation Shortfall":0,"Inventory":15,"_timestamp":1.7531878191111107e+09}