{"_runtime":14.1999557,"_step":200,"Implementation Shortfall":0,"Inventory":30,"_wandb":{"runtime":14},"_timestamp":1.753188506801764e+09}