{"Episode Length":9,"Final Implementation Shortfall":-7.664412430941951,"_runtime":37.3540682,"Ask Price":101.16851618681903,"Reward":-1.0187016634666577,"_wandb":{"runtime":37},"Inventory Normalized":-0.5555555820465088,"Risk Aversion Term in Reward":0,"Action Index":1,"Action_0_count":0,"Total Ask Volume":300,"_step":4000,"Time Normalized":0.6000000238418579,"Implementation Shortfall":-1.0187016634666577,"Non Executed Liquidity Constraint":0,"Final Reward":-7.664412021636963,"Final Inventory":0,"Mid Price":101.16351618681904,"Executed":1,"Inventory":2,"Action_1_count":9,"_timestamp":1.7532807484682539e+09,"Episode":424}