{"_runtime":192.0672328,"_step":7294,"Implementation Shortfall":0.2049999999999983,"Inventory":26,"_timestamp":1.753184427677402e+09,"_wandb":{"runtime":192}}