{"_step":947,"_wandb":{"runtime":40},"Implementation Shortfall":0.22499999999999432,"Inventory":0,"_timestamp":1.7531874633620253e+09,"_runtime":40.2194276}