{"Inventory Normalized":0.5555555820465088,"_runtime":9.9643708,"Final Implementation Shortfall":-3.871901011630456,"Non Executed Liquidity Constraint":0,"Reward":-0.9623039261375936,"_wandb":{"runtime":9},"_timestamp":1.7532796694973593e+09,"Action Index":1,"Mid Price":101.15376471136511,"Action_1_count":3,"Final Inventory":6,"Ask Price":101.15876471136511,"Final Reward":-63.87190246582031,"Executed":1,"Time Normalized":0.20000000298023224,"Action_0_count":7,"Inventory":7,"_step":235,"Implementation Shortfall":-0.9623039261375936,"Episode":23,"Risk Aversion Term in Reward":0,"Total Ask Volume":300,"Episode Length":10}