{"_runtime":13.5685456,"_step":200,"Implementation Shortfall":0,"Inventory":30,"_timestamp":1.7531884453459768e+09,"_wandb":{"runtime":13}}