{"Implementation Shortfall":0,"Inventory":29,"_timestamp":1.753184765087784e+09,"_runtime":87.3403334,"_step":3062,"_wandb":{"runtime":87}}