{"_step":200,"Action_0_count":50,"Inventory":27,"Implementation Shortfall":0.13500000000000512,"Final Inventory":0,"Reward":0.13500000000000512,"Action Index":1,"Final Reward":-4.590000152587891,"Mid Price":99.935,"Episode":38,"_timestamp":1.7531935386306565e+09,"_wandb":{"runtime":14},"Total Ask Volume":35,"Episode Length":6,"Non Executed Liquidity Constraint":0,"_runtime":14.3259392,"Executed":3,"Ask Price":99.94,"Final Implementation Shortfall":-4.59000000000006,"Risk Aversion Term in Reward":0,"Inventory Normalized":0.800000011920929,"Action_1_count":149,"Time Normalized":-0.6000000238418579}